{"loss":0.4081060720814599,"_wandb":{"runtime":144},"_timestamp":1.7331559129493508e+09,"_runtime":144.500874,"_step":9,"epoch":10}