{"_runtime":205.751598,"_step":14,"epoch":15,"loss":0.21267716338237128,"_timestamp":1.733157086006756e+09,"_wandb":{"runtime":205}}