{"_wandb":{"runtime":139},"_timestamp":1.733156081054972e+09,"_runtime":139.861189,"_step":9,"epoch":10,"loss":0.37389064414633644}